YEAR,营业收入,营业成本,研发费用,净利润,总资产,总负债,总权益,经营现金流
2005,,,,,167710552.1,74173739.89,93536812.21,28629321.54
2006,,,,,219445164.97,92599281.68,126845883.29,25650367.49
2007,,,,,270488895.35,98503098.02,171985797.33,75684016.52
2008,,,,,596726396.08,66328343.68,530398052.4,60881253.75
2009,,,,,728219506.49,129182922.85,599036583.64,66526996.25
2010,,,,,865074061.74,203609899.14,661464162.6,89336357.24
2011,,,,,1431203256.88,245418350.66,1185784906.22,117536487.31
2012,,,,,1853380969.96,370648871.97,1482732097.99,162059478.2
2013,,,,,4327527439.76,866474868.82,3461052570.94,296068780.43
2014,,,,,5169895907.66,1268476720.4,3901419187.26,420075250.4
2015,,,,,8390341360.23,1867173804.2,6523167556.03,515601631.4
2016,,,,,10413942385.19,3195171089.94,7218771295.25,299303977.99
2017,,,,,13340336352.99,5387823164.83,7952513188.16,362726217.78
2018,,,,,15302583687.64,7090827089.85,8211756597.79,1148136361.03
2019,,,,,20100836085.61,8366000082.72,11734836002.89,1531468509.95
2020,,,,,24836091818.68,11864280854.58,12971810964.1,2270754855.94
2021,,,,,31394037754.41,14056797008.54,17337240745.87,893075431.31
2022,,,,,32859139720.02,16012075909.17,16847063810.85,630761247.28
2023,,,,,37831122978.15,20099089356.53,17732033621.62,349757814.55
2024,,,,,41478899803.2,22764027052.88,18714872750.32,2495173454.92
2025,,,,,44857109349.34,24994625192.65,19862484156.69,3208095271.78
