YEAR,营业收入,研发费用,净利润,总资产,总负债,经营现金流
2005,81567521.81,,9985842.85,167710552.1,74173739.89,28629321.54
2006,171355275.56,,35148768.31,219445164.97,92599281.68,25650367.49
2007,205810208.08,,53498288.34,270488895.35,98503098.02,75684016.52
2008,257552140.84,,69872748.86,596726396.08,66328343.68,60881253.75
2009,307125152.9,,80269858.16,728219506.49,129182922.85,66526996.25
2010,436057338.42,,101139242.64,865074061.74,203609899.14,89336357.24
2011,557013530.69,,132628901.91,1431203256.88,245418350.66,117536487.31
2012,783940683.71,,182404875.88,1853380969.96,370648871.97,162059478.2
2013,1253707750.78,,278986167.31,4327527439.76,866474868.82,296068780.43
2014,1775210612.95,,379429886.55,5169895907.66,1268476720.4,420075250.4
2015,2500799130.07,,425294489.51,8390341360.23,1867173804.2,515601631.4
2016,3320476689.57,,484430415.83,10413942385.19,3195171089.94,299303977.99
2017,5444688147.38,596028453.6,434675994.14,13340336352.99,5387823164.83,362726217.78
2018,7917221902.67,1262892288.76,542066004.0,15302583687.64,7090827089.85,1148136361.03
2019,10078688919.69,1639545495.61,819175858.63,20100836085.61,8366000082.72,1531468509.95
2020,13024657865.85,2211061146.73,1363789616.73,24836091818.68,11864280854.58,2270754855.94
2021,18313605605.92,2829840977.5,1556463894.56,31394037754.41,14056797008.54,893075431.31
2022,18820234052.91,3111297143.68,561213020.79,32859139720.02,16012075909.17,630761247.28
2023,19650329209.04,3481185262.99,657312908.24,37831122978.15,20099089356.53,349757814.55
2024,23343093018.69,3891601383.59,560162663.16,41478899803.2,22764027052.88,2495173454.92
2025,27105390547.66,4438994619.2,839390861.36,44857109349.34,24994625192.65,3208095271.78
