SECUCODE,SECURITY_CODE,SECURITY_NAME_ABBR,ORG_CODE,REPORT_DATE,DATE_TYPE_CODE,FISCAL_YEAR,STD_ITEM_CODE,STD_ITEM_NAME,AMOUNT,STD_REPORT_DATE
02121.HK,02121,创新奇智,10787147,2025-12-31 00:00:00,001,12-31,004001002,物业厂房及设备,42973000.0,2025-12-31 00:00:00
02121.HK,02121,创新奇智,10787147,2025-12-31 00:00:00,001,12-31,004001004,无形资产,159712000.0,2025-12-31 00:00:00
02121.HK,02121,创新奇智,10787147,2025-12-31 00:00:00,001,12-31,004001005,商誉,135140000.0,2025-12-31 00:00:00
02121.HK,02121,创新奇智,10787147,2025-12-31 00:00:00,001,12-31,004001009,递延税项资产,7007000.0,2025-12-31 00:00:00
02121.HK,02121,创新奇智,10787147,2025-12-31 00:00:00,001,12-31,004001022,指定以公允价值记账之金融资产,18553000.0,2025-12-31 00:00:00
02121.HK,02121,创新奇智,10787147,2025-12-31 00:00:00,001,12-31,004001997,非流动资产其他项目,41726000.0,2025-12-31 00:00:00
02121.HK,02121,创新奇智,10787147,2025-12-31 00:00:00,001,12-31,004001999,非流动资产合计,405111000.0,2025-12-31 00:00:00
02121.HK,02121,创新奇智,10787147,2025-12-31 00:00:00,001,12-31,004002001,存货,208602000.0,2025-12-31 00:00:00
02121.HK,02121,创新奇智,10787147,2025-12-31 00:00:00,001,12-31,004002003,应收帐款,416631000.0,2025-12-31 00:00:00
02121.HK,02121,创新奇智,10787147,2025-12-31 00:00:00,001,12-31,004002005,预付款按金及其他应收款,364274000.0,2025-12-31 00:00:00
02121.HK,02121,创新奇智,10787147,2025-12-31 00:00:00,001,12-31,004002009,受限制存款及现金,23301000.0,2025-12-31 00:00:00
02121.HK,02121,创新奇智,10787147,2025-12-31 00:00:00,001,12-31,004002010,现金及等价物,830881000.0,2025-12-31 00:00:00
02121.HK,02121,创新奇智,10787147,2025-12-31 00:00:00,001,12-31,004002013,指定以公允价值记账之金融资产(流动),13418000.0,2025-12-31 00:00:00
02121.HK,02121,创新奇智,10787147,2025-12-31 00:00:00,001,12-31,004002999,流动资产合计,1857107000.0,2025-12-31 00:00:00
02121.HK,02121,创新奇智,10787147,2025-12-31 00:00:00,001,12-31,004009999,总资产,2262218000.0,2025-12-31 00:00:00
02121.HK,02121,创新奇智,10787147,2025-12-31 00:00:00,001,12-31,004011001,应付帐款,317684000.0,2025-12-31 00:00:00
02121.HK,02121,创新奇智,10787147,2025-12-31 00:00:00,001,12-31,004011003,应付税项,4670000.0,2025-12-31 00:00:00
02121.HK,02121,创新奇智,10787147,2025-12-31 00:00:00,001,12-31,004011006,融资租赁负债(流动),15552000.0,2025-12-31 00:00:00
02121.HK,02121,创新奇智,10787147,2025-12-31 00:00:00,001,12-31,004011008,其他应付款及应计费用,179310000.0,2025-12-31 00:00:00
02121.HK,02121,创新奇智,10787147,2025-12-31 00:00:00,001,12-31,004011010,短期贷款,122244000.0,2025-12-31 00:00:00
02121.HK,02121,创新奇智,10787147,2025-12-31 00:00:00,001,12-31,004011015,指定以公允价值记账之金融负债(流动),33528000.0,2025-12-31 00:00:00
02121.HK,02121,创新奇智,10787147,2025-12-31 00:00:00,001,12-31,004011024,合同负债,155533000.0,2025-12-31 00:00:00
02121.HK,02121,创新奇智,10787147,2025-12-31 00:00:00,001,12-31,004011999,流动负债合计,828521000.0,2025-12-31 00:00:00
02121.HK,02121,创新奇智,10787147,2025-12-31 00:00:00,001,12-31,004013999,净流动资产,1028586000.0,2025-12-31 00:00:00
02121.HK,02121,创新奇智,10787147,2025-12-31 00:00:00,001,12-31,004015999,总资产减流动负债,1433697000.0,2025-12-31 00:00:00
02121.HK,02121,创新奇智,10787147,2025-12-31 00:00:00,001,12-31,004020003,递延税项负债,18070000.0,2025-12-31 00:00:00
02121.HK,02121,创新奇智,10787147,2025-12-31 00:00:00,001,12-31,004020005,融资租赁负债(非流动),23061000.0,2025-12-31 00:00:00
02121.HK,02121,创新奇智,10787147,2025-12-31 00:00:00,001,12-31,004020010,其他非流动负债,11718000.0,2025-12-31 00:00:00
02121.HK,02121,创新奇智,10787147,2025-12-31 00:00:00,001,12-31,004020999,非流动负债合计,52849000.0,2025-12-31 00:00:00
02121.HK,02121,创新奇智,10787147,2025-12-31 00:00:00,001,12-31,004025999,总负债,881370000.0,2025-12-31 00:00:00
02121.HK,02121,创新奇智,10787147,2025-12-31 00:00:00,001,12-31,004027999,少数股东权益,175265000.0,2025-12-31 00:00:00
02121.HK,02121,创新奇智,10787147,2025-12-31 00:00:00,001,12-31,004028999,净资产,1380848000.0,2025-12-31 00:00:00
02121.HK,02121,创新奇智,10787147,2025-12-31 00:00:00,001,12-31,004030001,股本,563545000.0,2025-12-31 00:00:00
02121.HK,02121,创新奇智,10787147,2025-12-31 00:00:00,001,12-31,004030003,股本溢价,2626071000.0,2025-12-31 00:00:00
02121.HK,02121,创新奇智,10787147,2025-12-31 00:00:00,001,12-31,004030004,保留溢利(累计亏损),-2694189000.0,2025-12-31 00:00:00
02121.HK,02121,创新奇智,10787147,2025-12-31 00:00:00,001,12-31,004030009,其他储备,1192287000.0,2025-12-31 00:00:00
02121.HK,02121,创新奇智,10787147,2025-12-31 00:00:00,001,12-31,004030012,库存股,-482131000.0,2025-12-31 00:00:00
02121.HK,02121,创新奇智,10787147,2025-12-31 00:00:00,001,12-31,004030999,股东权益,1205583000.0,2025-12-31 00:00:00
02121.HK,02121,创新奇智,10787147,2025-12-31 00:00:00,001,12-31,004036999,总权益,1380848000.0,2025-12-31 00:00:00
02121.HK,02121,创新奇智,10787147,2025-12-31 00:00:00,001,12-31,004037999,总权益及非流动负债,1433697000.0,2025-12-31 00:00:00
02121.HK,02121,创新奇智,10787147,2025-12-31 00:00:00,001,12-31,004039999,总权益及总负债,2262218000.0,2025-12-31 00:00:00
02121.HK,02121,创新奇智,10787147,2024-12-31 00:00:00,001,12-31,004001002,物业厂房及设备,38957000.0,2024-12-31 00:00:00
02121.HK,02121,创新奇智,10787147,2024-12-31 00:00:00,001,12-31,004001004,无形资产,207017000.0,2024-12-31 00:00:00
02121.HK,02121,创新奇智,10787147,2024-12-31 00:00:00,001,12-31,004001005,商誉,175213000.0,2024-12-31 00:00:00
02121.HK,02121,创新奇智,10787147,2024-12-31 00:00:00,001,12-31,004001009,递延税项资产,5901000.0,2024-12-31 00:00:00
02121.HK,02121,创新奇智,10787147,2024-12-31 00:00:00,001,12-31,004001022,指定以公允价值记账之金融资产,9000000.0,2024-12-31 00:00:00
02121.HK,02121,创新奇智,10787147,2024-12-31 00:00:00,001,12-31,004001997,非流动资产其他项目,51653000.0,2024-12-31 00:00:00
02121.HK,02121,创新奇智,10787147,2024-12-31 00:00:00,001,12-31,004001999,非流动资产合计,487741000.0,2024-12-31 00:00:00
02121.HK,02121,创新奇智,10787147,2024-12-31 00:00:00,001,12-31,004002001,存货,156686000.0,2024-12-31 00:00:00
02121.HK,02121,创新奇智,10787147,2024-12-31 00:00:00,001,12-31,004002003,应收帐款,477913000.0,2024-12-31 00:00:00
02121.HK,02121,创新奇智,10787147,2024-12-31 00:00:00,001,12-31,004002005,预付款按金及其他应收款,277498000.0,2024-12-31 00:00:00
02121.HK,02121,创新奇智,10787147,2024-12-31 00:00:00,001,12-31,004002009,受限制存款及现金,6583000.0,2024-12-31 00:00:00
02121.HK,02121,创新奇智,10787147,2024-12-31 00:00:00,001,12-31,004002010,现金及等价物,1204879000.0,2024-12-31 00:00:00
02121.HK,02121,创新奇智,10787147,2024-12-31 00:00:00,001,12-31,004002013,指定以公允价值记账之金融资产(流动),11832000.0,2024-12-31 00:00:00
02121.HK,02121,创新奇智,10787147,2024-12-31 00:00:00,001,12-31,004002999,流动资产合计,2135391000.0,2024-12-31 00:00:00
02121.HK,02121,创新奇智,10787147,2024-12-31 00:00:00,001,12-31,004009999,总资产,2623132000.0,2024-12-31 00:00:00
02121.HK,02121,创新奇智,10787147,2024-12-31 00:00:00,001,12-31,004011001,应付帐款,289704000.0,2024-12-31 00:00:00
02121.HK,02121,创新奇智,10787147,2024-12-31 00:00:00,001,12-31,004011003,应付税项,3268000.0,2024-12-31 00:00:00
02121.HK,02121,创新奇智,10787147,2024-12-31 00:00:00,001,12-31,004011006,融资租赁负债(流动),19918000.0,2024-12-31 00:00:00
02121.HK,02121,创新奇智,10787147,2024-12-31 00:00:00,001,12-31,004011008,其他应付款及应计费用,190335000.0,2024-12-31 00:00:00
02121.HK,02121,创新奇智,10787147,2024-12-31 00:00:00,001,12-31,004011010,短期贷款,127735000.0,2024-12-31 00:00:00
02121.HK,02121,创新奇智,10787147,2024-12-31 00:00:00,001,12-31,004011015,指定以公允价值记账之金融负债(流动),79804000.0,2024-12-31 00:00:00
02121.HK,02121,创新奇智,10787147,2024-12-31 00:00:00,001,12-31,004011024,合同负债,109242000.0,2024-12-31 00:00:00
02121.HK,02121,创新奇智,10787147,2024-12-31 00:00:00,001,12-31,004011999,流动负债合计,820006000.0,2024-12-31 00:00:00
02121.HK,02121,创新奇智,10787147,2024-12-31 00:00:00,001,12-31,004013999,净流动资产,1315385000.0,2024-12-31 00:00:00
02121.HK,02121,创新奇智,10787147,2024-12-31 00:00:00,001,12-31,004015999,总资产减流动负债,1803126000.0,2024-12-31 00:00:00
02121.HK,02121,创新奇智,10787147,2024-12-31 00:00:00,001,12-31,004020003,递延税项负债,27546000.0,2024-12-31 00:00:00
02121.HK,02121,创新奇智,10787147,2024-12-31 00:00:00,001,12-31,004020005,融资租赁负债(非流动),33406000.0,2024-12-31 00:00:00
02121.HK,02121,创新奇智,10787147,2024-12-31 00:00:00,001,12-31,004020010,其他非流动负债,3741000.0,2024-12-31 00:00:00
02121.HK,02121,创新奇智,10787147,2024-12-31 00:00:00,001,12-31,004020012,指定以公允价值记账之金融负债,26205000.0,2024-12-31 00:00:00
02121.HK,02121,创新奇智,10787147,2024-12-31 00:00:00,001,12-31,004020999,非流动负债合计,90898000.0,2024-12-31 00:00:00
02121.HK,02121,创新奇智,10787147,2024-12-31 00:00:00,001,12-31,004025999,总负债,910904000.0,2024-12-31 00:00:00
02121.HK,02121,创新奇智,10787147,2024-12-31 00:00:00,001,12-31,004027999,少数股东权益,168328000.0,2024-12-31 00:00:00
02121.HK,02121,创新奇智,10787147,2024-12-31 00:00:00,001,12-31,004028999,净资产,1712228000.0,2024-12-31 00:00:00
02121.HK,02121,创新奇智,10787147,2024-12-31 00:00:00,001,12-31,004030001,股本,565051000.0,2024-12-31 00:00:00
02121.HK,02121,创新奇智,10787147,2024-12-31 00:00:00,001,12-31,004030003,股本溢价,2631580000.0,2024-12-31 00:00:00
02121.HK,02121,创新奇智,10787147,2024-12-31 00:00:00,001,12-31,004030004,保留溢利(累计亏损),-2442062000.0,2024-12-31 00:00:00
02121.HK,02121,创新奇智,10787147,2024-12-31 00:00:00,001,12-31,004030009,其他储备,1103042000.0,2024-12-31 00:00:00
02121.HK,02121,创新奇智,10787147,2024-12-31 00:00:00,001,12-31,004030012,库存股,-313711000.0,2024-12-31 00:00:00
02121.HK,02121,创新奇智,10787147,2024-12-31 00:00:00,001,12-31,004030999,股东权益,1543900000.0,2024-12-31 00:00:00
02121.HK,02121,创新奇智,10787147,2024-12-31 00:00:00,001,12-31,004036999,总权益,1712228000.0,2024-12-31 00:00:00
02121.HK,02121,创新奇智,10787147,2024-12-31 00:00:00,001,12-31,004037999,总权益及非流动负债,1803126000.0,2024-12-31 00:00:00
02121.HK,02121,创新奇智,10787147,2024-12-31 00:00:00,001,12-31,004039999,总权益及总负债,2623132000.0,2024-12-31 00:00:00
02121.HK,02121,创新奇智,10787147,2023-12-31 00:00:00,001,12-31,004001002,物业厂房及设备,56600000.0,2023-12-31 00:00:00
02121.HK,02121,创新奇智,10787147,2023-12-31 00:00:00,001,12-31,004001004,无形资产,327031000.0,2023-12-31 00:00:00
02121.HK,02121,创新奇智,10787147,2023-12-31 00:00:00,001,12-31,004001005,商誉,327385000.0,2023-12-31 00:00:00
02121.HK,02121,创新奇智,10787147,2023-12-31 00:00:00,001,12-31,004001009,递延税项资产,,2023-12-31 00:00:00
02121.HK,02121,创新奇智,10787147,2023-12-31 00:00:00,001,12-31,004001022,指定以公允价值记账之金融资产,9000000.0,2023-12-31 00:00:00
02121.HK,02121,创新奇智,10787147,2023-12-31 00:00:00,001,12-31,004001997,非流动资产其他项目,75884000.0,2023-12-31 00:00:00
02121.HK,02121,创新奇智,10787147,2023-12-31 00:00:00,001,12-31,004001999,非流动资产合计,795900000.0,2023-12-31 00:00:00
02121.HK,02121,创新奇智,10787147,2023-12-31 00:00:00,001,12-31,004002001,存货,130629000.0,2023-12-31 00:00:00
02121.HK,02121,创新奇智,10787147,2023-12-31 00:00:00,001,12-31,004002003,应收帐款,671547000.0,2023-12-31 00:00:00
02121.HK,02121,创新奇智,10787147,2023-12-31 00:00:00,001,12-31,004002005,预付款按金及其他应收款,218904000.0,2023-12-31 00:00:00
02121.HK,02121,创新奇智,10787147,2023-12-31 00:00:00,001,12-31,004002009,受限制存款及现金,20533000.0,2023-12-31 00:00:00
02121.HK,02121,创新奇智,10787147,2023-12-31 00:00:00,001,12-31,004002010,现金及等价物,1344615000.0,2023-12-31 00:00:00
02121.HK,02121,创新奇智,10787147,2023-12-31 00:00:00,001,12-31,004002013,指定以公允价值记账之金融资产(流动),107029000.0,2023-12-31 00:00:00
02121.HK,02121,创新奇智,10787147,2023-12-31 00:00:00,001,12-31,004002999,流动资产合计,2493257000.0,2023-12-31 00:00:00
02121.HK,02121,创新奇智,10787147,2023-12-31 00:00:00,001,12-31,004009999,总资产,3289157000.0,2023-12-31 00:00:00
02121.HK,02121,创新奇智,10787147,2023-12-31 00:00:00,001,12-31,004011001,应付帐款,353707000.0,2023-12-31 00:00:00
02121.HK,02121,创新奇智,10787147,2023-12-31 00:00:00,001,12-31,004011003,应付税项,664000.0,2023-12-31 00:00:00
02121.HK,02121,创新奇智,10787147,2023-12-31 00:00:00,001,12-31,004011006,融资租赁负债(流动),23069000.0,2023-12-31 00:00:00
02121.HK,02121,创新奇智,10787147,2023-12-31 00:00:00,001,12-31,004011008,其他应付款及应计费用,210808000.0,2023-12-31 00:00:00
02121.HK,02121,创新奇智,10787147,2023-12-31 00:00:00,001,12-31,004011010,短期贷款,76651000.0,2023-12-31 00:00:00
02121.HK,02121,创新奇智,10787147,2023-12-31 00:00:00,001,12-31,004011015,指定以公允价值记账之金融负债(流动),78790000.0,2023-12-31 00:00:00
02121.HK,02121,创新奇智,10787147,2023-12-31 00:00:00,001,12-31,004011024,合同负债,121778000.0,2023-12-31 00:00:00
02121.HK,02121,创新奇智,10787147,2023-12-31 00:00:00,001,12-31,004011999,流动负债合计,865467000.0,2023-12-31 00:00:00
02121.HK,02121,创新奇智,10787147,2023-12-31 00:00:00,001,12-31,004013999,净流动资产,1627790000.0,2023-12-31 00:00:00
02121.HK,02121,创新奇智,10787147,2023-12-31 00:00:00,001,12-31,004015999,总资产减流动负债,2423690000.0,2023-12-31 00:00:00
02121.HK,02121,创新奇智,10787147,2023-12-31 00:00:00,001,12-31,004020003,递延税项负债,40677000.0,2023-12-31 00:00:00
02121.HK,02121,创新奇智,10787147,2023-12-31 00:00:00,001,12-31,004020005,融资租赁负债(非流动),56667000.0,2023-12-31 00:00:00
02121.HK,02121,创新奇智,10787147,2023-12-31 00:00:00,001,12-31,004020012,指定以公允价值记账之金融负债,95565000.0,2023-12-31 00:00:00
02121.HK,02121,创新奇智,10787147,2023-12-31 00:00:00,001,12-31,004020997,非流动负债其他项目,6636000.0,2023-12-31 00:00:00
02121.HK,02121,创新奇智,10787147,2023-12-31 00:00:00,001,12-31,004020999,非流动负债合计,199545000.0,2023-12-31 00:00:00
02121.HK,02121,创新奇智,10787147,2023-12-31 00:00:00,001,12-31,004025999,总负债,1065012000.0,2023-12-31 00:00:00
02121.HK,02121,创新奇智,10787147,2023-12-31 00:00:00,001,12-31,004027999,少数股东权益,190823000.0,2023-12-31 00:00:00
02121.HK,02121,创新奇智,10787147,2023-12-31 00:00:00,001,12-31,004028999,净资产,2224145000.0,2023-12-31 00:00:00
02121.HK,02121,创新奇智,10787147,2023-12-31 00:00:00,001,12-31,004030001,股本,565051000.0,2023-12-31 00:00:00
02121.HK,02121,创新奇智,10787147,2023-12-31 00:00:00,001,12-31,004030003,股本溢价,2631580000.0,2023-12-31 00:00:00
02121.HK,02121,创新奇智,10787147,2023-12-31 00:00:00,001,12-31,004030004,保留溢利(累计亏损),-1848252000.0,2023-12-31 00:00:00
02121.HK,02121,创新奇智,10787147,2023-12-31 00:00:00,001,12-31,004030009,其他储备,949292000.0,2023-12-31 00:00:00
02121.HK,02121,创新奇智,10787147,2023-12-31 00:00:00,001,12-31,004030012,库存股,-264349000.0,2023-12-31 00:00:00
02121.HK,02121,创新奇智,10787147,2023-12-31 00:00:00,001,12-31,004030999,股东权益,2033322000.0,2023-12-31 00:00:00
02121.HK,02121,创新奇智,10787147,2023-12-31 00:00:00,001,12-31,004036999,总权益,2224145000.0,2023-12-31 00:00:00
02121.HK,02121,创新奇智,10787147,2023-12-31 00:00:00,001,12-31,004037999,总权益及非流动负债,2423690000.0,2023-12-31 00:00:00
02121.HK,02121,创新奇智,10787147,2023-12-31 00:00:00,001,12-31,004039999,总权益及总负债,3289157000.0,2023-12-31 00:00:00
02121.HK,02121,创新奇智,10787147,2022-12-31 00:00:00,001,12-31,004001002,物业厂房及设备,81943000.0,2022-12-31 00:00:00
02121.HK,02121,创新奇智,10787147,2022-12-31 00:00:00,001,12-31,004001004,无形资产,206620000.0,2022-12-31 00:00:00
02121.HK,02121,创新奇智,10787147,2022-12-31 00:00:00,001,12-31,004001005,商誉,194552000.0,2022-12-31 00:00:00
02121.HK,02121,创新奇智,10787147,2022-12-31 00:00:00,001,12-31,004001019,其他投资,342000.0,2022-12-31 00:00:00
02121.HK,02121,创新奇智,10787147,2022-12-31 00:00:00,001,12-31,004001022,指定以公允价值记账之金融资产,,2022-12-31 00:00:00
02121.HK,02121,创新奇智,10787147,2022-12-31 00:00:00,001,12-31,004001997,非流动资产其他项目,99856000.0,2022-12-31 00:00:00
02121.HK,02121,创新奇智,10787147,2022-12-31 00:00:00,001,12-31,004001999,非流动资产合计,583313000.0,2022-12-31 00:00:00
02121.HK,02121,创新奇智,10787147,2022-12-31 00:00:00,001,12-31,004002001,存货,107772000.0,2022-12-31 00:00:00
02121.HK,02121,创新奇智,10787147,2022-12-31 00:00:00,001,12-31,004002003,应收帐款,571935000.0,2022-12-31 00:00:00
02121.HK,02121,创新奇智,10787147,2022-12-31 00:00:00,001,12-31,004002005,预付款按金及其他应收款,191517000.0,2022-12-31 00:00:00
02121.HK,02121,创新奇智,10787147,2022-12-31 00:00:00,001,12-31,004002009,受限制存款及现金,9915000.0,2022-12-31 00:00:00
02121.HK,02121,创新奇智,10787147,2022-12-31 00:00:00,001,12-31,004002010,现金及等价物,1642665000.0,2022-12-31 00:00:00
02121.HK,02121,创新奇智,10787147,2022-12-31 00:00:00,001,12-31,004002013,指定以公允价值记账之金融资产(流动),161330000.0,2022-12-31 00:00:00
02121.HK,02121,创新奇智,10787147,2022-12-31 00:00:00,001,12-31,004002999,流动资产合计,2685134000.0,2022-12-31 00:00:00
02121.HK,02121,创新奇智,10787147,2022-12-31 00:00:00,001,12-31,004009999,总资产,3268447000.0,2022-12-31 00:00:00
02121.HK,02121,创新奇智,10787147,2022-12-31 00:00:00,001,12-31,004011001,应付帐款,280324000.0,2022-12-31 00:00:00
02121.HK,02121,创新奇智,10787147,2022-12-31 00:00:00,001,12-31,004011003,应付税项,3056000.0,2022-12-31 00:00:00
02121.HK,02121,创新奇智,10787147,2022-12-31 00:00:00,001,12-31,004011006,融资租赁负债(流动),19958000.0,2022-12-31 00:00:00
02121.HK,02121,创新奇智,10787147,2022-12-31 00:00:00,001,12-31,004011008,其他应付款及应计费用,182523000.0,2022-12-31 00:00:00
02121.HK,02121,创新奇智,10787147,2022-12-31 00:00:00,001,12-31,004011010,短期贷款,57590000.0,2022-12-31 00:00:00
02121.HK,02121,创新奇智,10787147,2022-12-31 00:00:00,001,12-31,004011015,指定以公允价值记账之金融负债(流动),74371000.0,2022-12-31 00:00:00
02121.HK,02121,创新奇智,10787147,2022-12-31 00:00:00,001,12-31,004011024,合同负债,105486000.0,2022-12-31 00:00:00
02121.HK,02121,创新奇智,10787147,2022-12-31 00:00:00,001,12-31,004011999,流动负债合计,723308000.0,2022-12-31 00:00:00
02121.HK,02121,创新奇智,10787147,2022-12-31 00:00:00,001,12-31,004013999,净流动资产,1961826000.0,2022-12-31 00:00:00
02121.HK,02121,创新奇智,10787147,2022-12-31 00:00:00,001,12-31,004015999,总资产减流动负债,2545139000.0,2022-12-31 00:00:00
02121.HK,02121,创新奇智,10787147,2022-12-31 00:00:00,001,12-31,004020003,递延税项负债,27322000.0,2022-12-31 00:00:00
02121.HK,02121,创新奇智,10787147,2022-12-31 00:00:00,001,12-31,004020005,融资租赁负债(非流动),70153000.0,2022-12-31 00:00:00
02121.HK,02121,创新奇智,10787147,2022-12-31 00:00:00,001,12-31,004020012,指定以公允价值记账之金融负债,73166000.0,2022-12-31 00:00:00
02121.HK,02121,创新奇智,10787147,2022-12-31 00:00:00,001,12-31,004020997,非流动负债其他项目,15523000.0,2022-12-31 00:00:00
02121.HK,02121,创新奇智,10787147,2022-12-31 00:00:00,001,12-31,004020999,非流动负债合计,186164000.0,2022-12-31 00:00:00
02121.HK,02121,创新奇智,10787147,2022-12-31 00:00:00,001,12-31,004025999,总负债,909472000.0,2022-12-31 00:00:00
02121.HK,02121,创新奇智,10787147,2022-12-31 00:00:00,001,12-31,004027999,少数股东权益,89546000.0,2022-12-31 00:00:00
02121.HK,02121,创新奇智,10787147,2022-12-31 00:00:00,001,12-31,004028999,净资产,2358975000.0,2022-12-31 00:00:00
02121.HK,02121,创新奇智,10787147,2022-12-31 00:00:00,001,12-31,004030001,股本,559305000.0,2022-12-31 00:00:00
02121.HK,02121,创新奇智,10787147,2022-12-31 00:00:00,001,12-31,004030003,股本溢价,2562978000.0,2022-12-31 00:00:00
02121.HK,02121,创新奇智,10787147,2022-12-31 00:00:00,001,12-31,004030004,保留溢利(累计亏损),-1265915000.0,2022-12-31 00:00:00
02121.HK,02121,创新奇智,10787147,2022-12-31 00:00:00,001,12-31,004030009,其他储备,671882000.0,2022-12-31 00:00:00
02121.HK,02121,创新奇智,10787147,2022-12-31 00:00:00,001,12-31,004030012,库存股,-258821000.0,2022-12-31 00:00:00
02121.HK,02121,创新奇智,10787147,2022-12-31 00:00:00,001,12-31,004030999,股东权益,2269429000.0,2022-12-31 00:00:00
02121.HK,02121,创新奇智,10787147,2022-12-31 00:00:00,001,12-31,004036999,总权益,2358975000.0,2022-12-31 00:00:00
02121.HK,02121,创新奇智,10787147,2022-12-31 00:00:00,001,12-31,004037999,总权益及非流动负债,2545139000.0,2022-12-31 00:00:00
02121.HK,02121,创新奇智,10787147,2022-12-31 00:00:00,001,12-31,004039999,总权益及总负债,3268447000.0,2022-12-31 00:00:00
02121.HK,02121,创新奇智,10787147,2021-12-31 00:00:00,001,12-31,004001002,物业厂房及设备,79212000.0,2021-12-31 00:00:00
02121.HK,02121,创新奇智,10787147,2021-12-31 00:00:00,001,12-31,004001004,无形资产,5672000.0,2021-12-31 00:00:00
02121.HK,02121,创新奇智,10787147,2021-12-31 00:00:00,001,12-31,004001005,商誉,,2021-12-31 00:00:00
02121.HK,02121,创新奇智,10787147,2021-12-31 00:00:00,001,12-31,004001019,其他投资,,2021-12-31 00:00:00
02121.HK,02121,创新奇智,10787147,2021-12-31 00:00:00,001,12-31,004001997,非流动资产其他项目,98882000.0,2021-12-31 00:00:00
02121.HK,02121,创新奇智,10787147,2021-12-31 00:00:00,001,12-31,004001999,非流动资产合计,183766000.0,2021-12-31 00:00:00
02121.HK,02121,创新奇智,10787147,2021-12-31 00:00:00,001,12-31,004002001,存货,71723000.0,2021-12-31 00:00:00
02121.HK,02121,创新奇智,10787147,2021-12-31 00:00:00,001,12-31,004002003,应收帐款,362000000.0,2021-12-31 00:00:00
02121.HK,02121,创新奇智,10787147,2021-12-31 00:00:00,001,12-31,004002005,预付款按金及其他应收款,54032000.0,2021-12-31 00:00:00
02121.HK,02121,创新奇智,10787147,2021-12-31 00:00:00,001,12-31,004002006,应收关联方款项,3206000.0,2021-12-31 00:00:00
02121.HK,02121,创新奇智,10787147,2021-12-31 00:00:00,001,12-31,004002009,受限制存款及现金,2697000.0,2021-12-31 00:00:00
02121.HK,02121,创新奇智,10787147,2021-12-31 00:00:00,001,12-31,004002010,现金及等价物,1553150000.0,2021-12-31 00:00:00
02121.HK,02121,创新奇智,10787147,2021-12-31 00:00:00,001,12-31,004002013,指定以公允价值记账之金融资产(流动),34333000.0,2021-12-31 00:00:00
02121.HK,02121,创新奇智,10787147,2021-12-31 00:00:00,001,12-31,004002999,流动资产合计,2081141000.0,2021-12-31 00:00:00
02121.HK,02121,创新奇智,10787147,2021-12-31 00:00:00,001,12-31,004009999,总资产,2264907000.0,2021-12-31 00:00:00
02121.HK,02121,创新奇智,10787147,2021-12-31 00:00:00,001,12-31,004011001,应付帐款,227719000.0,2021-12-31 00:00:00
02121.HK,02121,创新奇智,10787147,2021-12-31 00:00:00,001,12-31,004011003,应付税项,208000.0,2021-12-31 00:00:00
02121.HK,02121,创新奇智,10787147,2021-12-31 00:00:00,001,12-31,004011005,应付关联方款项(流动),,2021-12-31 00:00:00
02121.HK,02121,创新奇智,10787147,2021-12-31 00:00:00,001,12-31,004011006,融资租赁负债(流动),9282000.0,2021-12-31 00:00:00
02121.HK,02121,创新奇智,10787147,2021-12-31 00:00:00,001,12-31,004011008,其他应付款及应计费用,83873000.0,2021-12-31 00:00:00
02121.HK,02121,创新奇智,10787147,2021-12-31 00:00:00,001,12-31,004011010,短期贷款,,2021-12-31 00:00:00
02121.HK,02121,创新奇智,10787147,2021-12-31 00:00:00,001,12-31,004011015,指定以公允价值记账之金融负债(流动),,2021-12-31 00:00:00
02121.HK,02121,创新奇智,10787147,2021-12-31 00:00:00,001,12-31,004011024,合同负债,43649000.0,2021-12-31 00:00:00
02121.HK,02121,创新奇智,10787147,2021-12-31 00:00:00,001,12-31,004011999,流动负债合计,364731000.0,2021-12-31 00:00:00
02121.HK,02121,创新奇智,10787147,2021-12-31 00:00:00,001,12-31,004013999,净流动资产,1716410000.0,2021-12-31 00:00:00
02121.HK,02121,创新奇智,10787147,2021-12-31 00:00:00,001,12-31,004015999,总资产减流动负债,1900176000.0,2021-12-31 00:00:00
02121.HK,02121,创新奇智,10787147,2021-12-31 00:00:00,001,12-31,004020003,递延税项负债,,2021-12-31 00:00:00
02121.HK,02121,创新奇智,10787147,2021-12-31 00:00:00,001,12-31,004020005,融资租赁负债(非流动),78289000.0,2021-12-31 00:00:00
02121.HK,02121,创新奇智,10787147,2021-12-31 00:00:00,001,12-31,004020012,指定以公允价值记账之金融负债,,2021-12-31 00:00:00
02121.HK,02121,创新奇智,10787147,2021-12-31 00:00:00,001,12-31,004020997,非流动负债其他项目,26579000.0,2021-12-31 00:00:00
02121.HK,02121,创新奇智,10787147,2021-12-31 00:00:00,001,12-31,004020999,非流动负债合计,104868000.0,2021-12-31 00:00:00
02121.HK,02121,创新奇智,10787147,2021-12-31 00:00:00,001,12-31,004025999,总负债,469599000.0,2021-12-31 00:00:00
02121.HK,02121,创新奇智,10787147,2021-12-31 00:00:00,001,12-31,004027999,少数股东权益,10260000.0,2021-12-31 00:00:00
02121.HK,02121,创新奇智,10787147,2021-12-31 00:00:00,001,12-31,004028999,净资产,1795308000.0,2021-12-31 00:00:00
02121.HK,02121,创新奇智,10787147,2021-12-31 00:00:00,001,12-31,004030001,股本,514560000.0,2021-12-31 00:00:00
02121.HK,02121,创新奇智,10787147,2021-12-31 00:00:00,001,12-31,004030003,股本溢价,1674871000.0,2021-12-31 00:00:00
02121.HK,02121,创新奇智,10787147,2021-12-31 00:00:00,001,12-31,004030004,保留溢利(累计亏损),-902873000.0,2021-12-31 00:00:00
02121.HK,02121,创新奇智,10787147,2021-12-31 00:00:00,001,12-31,004030009,其他储备,498490000.0,2021-12-31 00:00:00
02121.HK,02121,创新奇智,10787147,2021-12-31 00:00:00,001,12-31,004030012,库存股,,2021-12-31 00:00:00
02121.HK,02121,创新奇智,10787147,2021-12-31 00:00:00,001,12-31,004030999,股东权益,1785048000.0,2021-12-31 00:00:00
02121.HK,02121,创新奇智,10787147,2021-12-31 00:00:00,001,12-31,004036999,总权益,1795308000.0,2021-12-31 00:00:00
02121.HK,02121,创新奇智,10787147,2021-12-31 00:00:00,001,12-31,004037999,总权益及非流动负债,1900176000.0,2021-12-31 00:00:00
02121.HK,02121,创新奇智,10787147,2021-12-31 00:00:00,001,12-31,004039999,总权益及总负债,2264907000.0,2021-12-31 00:00:00
02121.HK,02121,创新奇智,10787147,2020-12-31 00:00:00,001,12-31,004001002,物业厂房及设备,57488000.0,2020-12-31 00:00:00
02121.HK,02121,创新奇智,10787147,2020-12-31 00:00:00,001,12-31,004001004,无形资产,603000.0,2020-12-31 00:00:00
02121.HK,02121,创新奇智,10787147,2020-12-31 00:00:00,001,12-31,004001022,指定以公允价值记账之金融资产,106000.0,2020-12-31 00:00:00
02121.HK,02121,创新奇智,10787147,2020-12-31 00:00:00,001,12-31,004001997,非流动资产其他项目,15165000.0,2020-12-31 00:00:00
02121.HK,02121,创新奇智,10787147,2020-12-31 00:00:00,001,12-31,004001999,非流动资产合计,73362000.0,2020-12-31 00:00:00
02121.HK,02121,创新奇智,10787147,2020-12-31 00:00:00,001,12-31,004002001,存货,55310000.0,2020-12-31 00:00:00
02121.HK,02121,创新奇智,10787147,2020-12-31 00:00:00,001,12-31,004002003,应收帐款,189554000.0,2020-12-31 00:00:00
02121.HK,02121,创新奇智,10787147,2020-12-31 00:00:00,001,12-31,004002005,预付款按金及其他应收款,27329000.0,2020-12-31 00:00:00
02121.HK,02121,创新奇智,10787147,2020-12-31 00:00:00,001,12-31,004002006,应收关联方款项,2321000.0,2020-12-31 00:00:00
02121.HK,02121,创新奇智,10787147,2020-12-31 00:00:00,001,12-31,004002009,受限制存款及现金,1491000.0,2020-12-31 00:00:00
02121.HK,02121,创新奇智,10787147,2020-12-31 00:00:00,001,12-31,004002010,现金及等价物,1042502000.0,2020-12-31 00:00:00
02121.HK,02121,创新奇智,10787147,2020-12-31 00:00:00,001,12-31,004002013,指定以公允价值记账之金融资产(流动),3937000.0,2020-12-31 00:00:00
02121.HK,02121,创新奇智,10787147,2020-12-31 00:00:00,001,12-31,004002999,流动资产合计,1322444000.0,2020-12-31 00:00:00
02121.HK,02121,创新奇智,10787147,2020-12-31 00:00:00,001,12-31,004009999,总资产,1395806000.0,2020-12-31 00:00:00
02121.HK,02121,创新奇智,10787147,2020-12-31 00:00:00,001,12-31,004011001,应付帐款,63199000.0,2020-12-31 00:00:00
02121.HK,02121,创新奇智,10787147,2020-12-31 00:00:00,001,12-31,004011003,应付税项,,2020-12-31 00:00:00
02121.HK,02121,创新奇智,10787147,2020-12-31 00:00:00,001,12-31,004011005,应付关联方款项(流动),931000.0,2020-12-31 00:00:00
02121.HK,02121,创新奇智,10787147,2020-12-31 00:00:00,001,12-31,004011006,融资租赁负债(流动),5233000.0,2020-12-31 00:00:00
02121.HK,02121,创新奇智,10787147,2020-12-31 00:00:00,001,12-31,004011008,其他应付款及应计费用,84900000.0,2020-12-31 00:00:00
02121.HK,02121,创新奇智,10787147,2020-12-31 00:00:00,001,12-31,004011024,合同负债,38440000.0,2020-12-31 00:00:00
02121.HK,02121,创新奇智,10787147,2020-12-31 00:00:00,001,12-31,004011999,流动负债合计,192703000.0,2020-12-31 00:00:00
02121.HK,02121,创新奇智,10787147,2020-12-31 00:00:00,001,12-31,004013999,净流动资产,1129741000.0,2020-12-31 00:00:00
02121.HK,02121,创新奇智,10787147,2020-12-31 00:00:00,001,12-31,004015999,总资产减流动负债,1203103000.0,2020-12-31 00:00:00
02121.HK,02121,创新奇智,10787147,2020-12-31 00:00:00,001,12-31,004016999,总资产减总负债合计,-514027000.0,2020-12-31 00:00:00
02121.HK,02121,创新奇智,10787147,2020-12-31 00:00:00,001,12-31,004020005,融资租赁负债(非流动),9457000.0,2020-12-31 00:00:00
02121.HK,02121,创新奇智,10787147,2020-12-31 00:00:00,001,12-31,004020019,其他金融负债(非流动),1659214000.0,2020-12-31 00:00:00
02121.HK,02121,创新奇智,10787147,2020-12-31 00:00:00,001,12-31,004020997,非流动负债其他项目,48459000.0,2020-12-31 00:00:00
02121.HK,02121,创新奇智,10787147,2020-12-31 00:00:00,001,12-31,004020999,非流动负债合计,1717130000.0,2020-12-31 00:00:00
02121.HK,02121,创新奇智,10787147,2020-12-31 00:00:00,001,12-31,004025999,总负债,1909833000.0,2020-12-31 00:00:00
02121.HK,02121,创新奇智,10787147,2020-12-31 00:00:00,001,12-31,004027999,少数股东权益,3885000.0,2020-12-31 00:00:00
02121.HK,02121,创新奇智,10787147,2020-12-31 00:00:00,001,12-31,004028999,净资产,-514027000.0,2020-12-31 00:00:00
02121.HK,02121,创新奇智,10787147,2020-12-31 00:00:00,001,12-31,004030001,股本,24105000.0,2020-12-31 00:00:00
02121.HK,02121,创新奇智,10787147,2020-12-31 00:00:00,001,12-31,004030003,股本溢价,,2020-12-31 00:00:00
02121.HK,02121,创新奇智,10787147,2020-12-31 00:00:00,001,12-31,004030004,保留溢利(累计亏损),-675887000.0,2020-12-31 00:00:00
02121.HK,02121,创新奇智,10787147,2020-12-31 00:00:00,001,12-31,004030009,其他储备,133870000.0,2020-12-31 00:00:00
02121.HK,02121,创新奇智,10787147,2020-12-31 00:00:00,001,12-31,004030999,股东权益,-517912000.0,2020-12-31 00:00:00
02121.HK,02121,创新奇智,10787147,2020-12-31 00:00:00,001,12-31,004036999,总权益,-514027000.0,2020-12-31 00:00:00
02121.HK,02121,创新奇智,10787147,2020-12-31 00:00:00,001,12-31,004037999,总权益及非流动负债,1203103000.0,2020-12-31 00:00:00
02121.HK,02121,创新奇智,10787147,2020-12-31 00:00:00,001,12-31,004039999,总权益及总负债,1395806000.0,2020-12-31 00:00:00
02121.HK,02121,创新奇智,10787147,2019-12-31 00:00:00,001,12-31,004001002,物业厂房及设备,49587000.0,2019-12-31 00:00:00
02121.HK,02121,创新奇智,10787147,2019-12-31 00:00:00,001,12-31,004001004,无形资产,810000.0,2019-12-31 00:00:00
02121.HK,02121,创新奇智,10787147,2019-12-31 00:00:00,001,12-31,004001022,指定以公允价值记账之金融资产,118000.0,2019-12-31 00:00:00
02121.HK,02121,创新奇智,10787147,2019-12-31 00:00:00,001,12-31,004001997,非流动资产其他项目,12687000.0,2019-12-31 00:00:00
02121.HK,02121,创新奇智,10787147,2019-12-31 00:00:00,001,12-31,004001999,非流动资产合计,63202000.0,2019-12-31 00:00:00
02121.HK,02121,创新奇智,10787147,2019-12-31 00:00:00,001,12-31,004002001,存货,32327000.0,2019-12-31 00:00:00
02121.HK,02121,创新奇智,10787147,2019-12-31 00:00:00,001,12-31,004002003,应收帐款,120737000.0,2019-12-31 00:00:00
02121.HK,02121,创新奇智,10787147,2019-12-31 00:00:00,001,12-31,004002005,预付款按金及其他应收款,23190000.0,2019-12-31 00:00:00
02121.HK,02121,创新奇智,10787147,2019-12-31 00:00:00,001,12-31,004002006,应收关联方款项,2000.0,2019-12-31 00:00:00
02121.HK,02121,创新奇智,10787147,2019-12-31 00:00:00,001,12-31,004002009,受限制存款及现金,2979000.0,2019-12-31 00:00:00
02121.HK,02121,创新奇智,10787147,2019-12-31 00:00:00,001,12-31,004002010,现金及等价物,605631000.0,2019-12-31 00:00:00
02121.HK,02121,创新奇智,10787147,2019-12-31 00:00:00,001,12-31,004002013,指定以公允价值记账之金融资产(流动),6446000.0,2019-12-31 00:00:00
02121.HK,02121,创新奇智,10787147,2019-12-31 00:00:00,001,12-31,004002999,流动资产合计,791312000.0,2019-12-31 00:00:00
02121.HK,02121,创新奇智,10787147,2019-12-31 00:00:00,001,12-31,004009999,总资产,854514000.0,2019-12-31 00:00:00
02121.HK,02121,创新奇智,10787147,2019-12-31 00:00:00,001,12-31,004011001,应付帐款,64828000.0,2019-12-31 00:00:00
02121.HK,02121,创新奇智,10787147,2019-12-31 00:00:00,001,12-31,004011003,应付税项,303000.0,2019-12-31 00:00:00
02121.HK,02121,创新奇智,10787147,2019-12-31 00:00:00,001,12-31,004011005,应付关联方款项(流动),14703000.0,2019-12-31 00:00:00
02121.HK,02121,创新奇智,10787147,2019-12-31 00:00:00,001,12-31,004011006,融资租赁负债(流动),4633000.0,2019-12-31 00:00:00
02121.HK,02121,创新奇智,10787147,2019-12-31 00:00:00,001,12-31,004011008,其他应付款及应计费用,34738000.0,2019-12-31 00:00:00
02121.HK,02121,创新奇智,10787147,2019-12-31 00:00:00,001,12-31,004011024,合同负债,9685000.0,2019-12-31 00:00:00
02121.HK,02121,创新奇智,10787147,2019-12-31 00:00:00,001,12-31,004011999,流动负债合计,128890000.0,2019-12-31 00:00:00
02121.HK,02121,创新奇智,10787147,2019-12-31 00:00:00,001,12-31,004013999,净流动资产,662422000.0,2019-12-31 00:00:00
02121.HK,02121,创新奇智,10787147,2019-12-31 00:00:00,001,12-31,004015999,总资产减流动负债,725624000.0,2019-12-31 00:00:00
02121.HK,02121,创新奇智,10787147,2019-12-31 00:00:00,001,12-31,004016999,总资产减总负债合计,-163166000.0,2019-12-31 00:00:00
02121.HK,02121,创新奇智,10787147,2019-12-31 00:00:00,001,12-31,004020005,融资租赁负债(非流动),6595000.0,2019-12-31 00:00:00
02121.HK,02121,创新奇智,10787147,2019-12-31 00:00:00,001,12-31,004020019,其他金融负债(非流动),826808000.0,2019-12-31 00:00:00
02121.HK,02121,创新奇智,10787147,2019-12-31 00:00:00,001,12-31,004020997,非流动负债其他项目,55387000.0,2019-12-31 00:00:00
02121.HK,02121,创新奇智,10787147,2019-12-31 00:00:00,001,12-31,004020999,非流动负债合计,888790000.0,2019-12-31 00:00:00
02121.HK,02121,创新奇智,10787147,2019-12-31 00:00:00,001,12-31,004025999,总负债,1017680000.0,2019-12-31 00:00:00
02121.HK,02121,创新奇智,10787147,2019-12-31 00:00:00,001,12-31,004027999,少数股东权益,8755000.0,2019-12-31 00:00:00
02121.HK,02121,创新奇智,10787147,2019-12-31 00:00:00,001,12-31,004028999,净资产,-163166000.0,2019-12-31 00:00:00
02121.HK,02121,创新奇智,10787147,2019-12-31 00:00:00,001,12-31,004030001,股本,20872000.0,2019-12-31 00:00:00
02121.HK,02121,创新奇智,10787147,2019-12-31 00:00:00,001,12-31,004030003,股本溢价,,2019-12-31 00:00:00
02121.HK,02121,创新奇智,10787147,2019-12-31 00:00:00,001,12-31,004030004,保留溢利(累计亏损),-314888000.0,2019-12-31 00:00:00
02121.HK,02121,创新奇智,10787147,2019-12-31 00:00:00,001,12-31,004030009,其他储备,122095000.0,2019-12-31 00:00:00
02121.HK,02121,创新奇智,10787147,2019-12-31 00:00:00,001,12-31,004030999,股东权益,-171921000.0,2019-12-31 00:00:00
02121.HK,02121,创新奇智,10787147,2019-12-31 00:00:00,001,12-31,004036999,总权益,-163166000.0,2019-12-31 00:00:00
02121.HK,02121,创新奇智,10787147,2019-12-31 00:00:00,001,12-31,004037999,总权益及非流动负债,725624000.0,2019-12-31 00:00:00
02121.HK,02121,创新奇智,10787147,2019-12-31 00:00:00,001,12-31,004039999,总权益及总负债,854514000.0,2019-12-31 00:00:00
