SECUCODE,SECURITY_CODE,SECURITY_NAME_ABBR,ORG_CODE,REPORT_DATE,DATE_TYPE_CODE,FISCAL_YEAR,START_DATE,STD_ITEM_CODE,STD_ITEM_NAME,AMOUNT
02121.HK,02121,创新奇智,10787147,2025-12-31 00:00:00,001,12-31,2025-01-01 00:00:00,001001,除税前溢利(业务利润),-257281000
02121.HK,02121,创新奇智,10787147,2025-12-31 00:00:00,001,12-31,2025-01-01 00:00:00,001002,减:利息收入,3871000
02121.HK,02121,创新奇智,10787147,2025-12-31 00:00:00,001,12-31,2025-01-01 00:00:00,001003,加:利息支出,5872000
02121.HK,02121,创新奇智,10787147,2025-12-31 00:00:00,001,12-31,2025-01-01 00:00:00,001006,加:减值及拨备,62288000
02121.HK,02121,创新奇智,10787147,2025-12-31 00:00:00,001,12-31,2025-01-01 00:00:00,001008,减:出售资产之溢利,178000
02121.HK,02121,创新奇智,10787147,2025-12-31 00:00:00,001,12-31,2025-01-01 00:00:00,001009,加:折旧及摊销,64736000
02121.HK,02121,创新奇智,10787147,2025-12-31 00:00:00,001,12-31,2025-01-01 00:00:00,001010,减:汇兑收益,-789000
02121.HK,02121,创新奇智,10787147,2025-12-31 00:00:00,001,12-31,2025-01-01 00:00:00,001997,加:经营调整其他项目,103473000
02121.HK,02121,创新奇智,10787147,2025-12-31 00:00:00,001,12-31,2025-01-01 00:00:00,001999,营运资金变动前经营溢利,-24172000
02121.HK,02121,创新奇智,10787147,2025-12-31 00:00:00,001,12-31,2025-01-01 00:00:00,002001,存货(增加)减少,-54061000
02121.HK,02121,创新奇智,10787147,2025-12-31 00:00:00,001,12-31,2025-01-01 00:00:00,002002,应收帐款减少,33632000
02121.HK,02121,创新奇智,10787147,2025-12-31 00:00:00,001,12-31,2025-01-01 00:00:00,002004,应付帐款及应计费用增加(减少),27980000
02121.HK,02121,创新奇智,10787147,2025-12-31 00:00:00,001,12-31,2025-01-01 00:00:00,002006,营运资本变动其他项目,22222000
02121.HK,02121,创新奇智,10787147,2025-12-31 00:00:00,001,12-31,2025-01-01 00:00:00,002007,预付款项、按金及其他应收款项减少(增加),-52591000
02121.HK,02121,创新奇智,10787147,2025-12-31 00:00:00,001,12-31,2025-01-01 00:00:00,002999,经营产生现金,-46990000
02121.HK,02121,创新奇智,10787147,2025-12-31 00:00:00,001,12-31,2025-01-01 00:00:00,003001,已收利息(经营),3871000
02121.HK,02121,创新奇智,10787147,2025-12-31 00:00:00,001,12-31,2025-01-01 00:00:00,003003,已付税项,683000
02121.HK,02121,创新奇智,10787147,2025-12-31 00:00:00,001,12-31,2025-01-01 00:00:00,003999,经营业务现金净额,-43802000
02121.HK,02121,创新奇智,10787147,2025-12-31 00:00:00,001,12-31,2025-01-01 00:00:00,005001,已收利息(投资),8813000
02121.HK,02121,创新奇智,10787147,2025-12-31 00:00:00,001,12-31,2025-01-01 00:00:00,005004,处置固定资产,14000
02121.HK,02121,创新奇智,10787147,2025-12-31 00:00:00,001,12-31,2025-01-01 00:00:00,005005,购建固定资产,20668000
02121.HK,02121,创新奇智,10787147,2025-12-31 00:00:00,001,12-31,2025-01-01 00:00:00,005010,收回投资所得现金,3008350000
02121.HK,02121,创新奇智,10787147,2025-12-31 00:00:00,001,12-31,2025-01-01 00:00:00,005011,投资支付现金,3026923000
02121.HK,02121,创新奇智,10787147,2025-12-31 00:00:00,001,12-31,2025-01-01 00:00:00,005997,投资业务其他项目,-76520000
02121.HK,02121,创新奇智,10787147,2025-12-31 00:00:00,001,12-31,2025-01-01 00:00:00,005999,投资业务现金净额,-106934000
02121.HK,02121,创新奇智,10787147,2025-12-31 00:00:00,001,12-31,2025-01-01 00:00:00,006999,融资前现金净额,-150736000
02121.HK,02121,创新奇智,10787147,2025-12-31 00:00:00,001,12-31,2025-01-01 00:00:00,007001,新增借款,154621000
02121.HK,02121,创新奇智,10787147,2025-12-31 00:00:00,001,12-31,2025-01-01 00:00:00,007002,偿还借款,152782000
02121.HK,02121,创新奇智,10787147,2025-12-31 00:00:00,001,12-31,2025-01-01 00:00:00,007003,已付利息(融资),4839000
02121.HK,02121,创新奇智,10787147,2025-12-31 00:00:00,001,12-31,2025-01-01 00:00:00,007005,吸收投资所得,9160000
02121.HK,02121,创新奇智,10787147,2025-12-31 00:00:00,001,12-31,2025-01-01 00:00:00,007008,回购股份,197531000
02121.HK,02121,创新奇智,10787147,2025-12-31 00:00:00,001,12-31,2025-01-01 00:00:00,007011,偿还融资租赁,22347000
02121.HK,02121,创新奇智,10787147,2025-12-31 00:00:00,001,12-31,2025-01-01 00:00:00,007013,购买子公司少数股权而支付的现金,9480000
02121.HK,02121,创新奇智,10787147,2025-12-31 00:00:00,001,12-31,2025-01-01 00:00:00,007999,融资业务现金净额,-223198000
02121.HK,02121,创新奇智,10787147,2025-12-31 00:00:00,001,12-31,2025-01-01 00:00:00,010999,现金净额,-373934000
02121.HK,02121,创新奇智,10787147,2025-12-31 00:00:00,001,12-31,2025-01-01 00:00:00,011001,期初现金,1204879000
02121.HK,02121,创新奇智,10787147,2025-12-31 00:00:00,001,12-31,2025-01-01 00:00:00,011997,期间变动其他项目,-64000
02121.HK,02121,创新奇智,10787147,2025-12-31 00:00:00,001,12-31,2025-01-01 00:00:00,011999,期末现金,830881000
02121.HK,02121,创新奇智,10787147,2024-12-31 00:00:00,001,12-31,2024-01-01 00:00:00,001001,除税前溢利(业务利润),-624986000
02121.HK,02121,创新奇智,10787147,2024-12-31 00:00:00,001,12-31,2024-01-01 00:00:00,001002,减:利息收入,13010000
02121.HK,02121,创新奇智,10787147,2024-12-31 00:00:00,001,12-31,2024-01-01 00:00:00,001003,加:利息支出,7410000
02121.HK,02121,创新奇智,10787147,2024-12-31 00:00:00,001,12-31,2024-01-01 00:00:00,001006,加:减值及拨备,153077000
02121.HK,02121,创新奇智,10787147,2024-12-31 00:00:00,001,12-31,2024-01-01 00:00:00,001008,减:出售资产之溢利,5620000
02121.HK,02121,创新奇智,10787147,2024-12-31 00:00:00,001,12-31,2024-01-01 00:00:00,001009,加:折旧及摊销,91316000
02121.HK,02121,创新奇智,10787147,2024-12-31 00:00:00,001,12-31,2024-01-01 00:00:00,001010,减:汇兑收益,658000
02121.HK,02121,创新奇智,10787147,2024-12-31 00:00:00,001,12-31,2024-01-01 00:00:00,001997,加:经营调整其他项目,288390000
02121.HK,02121,创新奇智,10787147,2024-12-31 00:00:00,001,12-31,2024-01-01 00:00:00,001999,营运资金变动前经营溢利,-104081000
02121.HK,02121,创新奇智,10787147,2024-12-31 00:00:00,001,12-31,2024-01-01 00:00:00,002001,存货(增加)减少,-26021000
02121.HK,02121,创新奇智,10787147,2024-12-31 00:00:00,001,12-31,2024-01-01 00:00:00,002002,应收帐款减少,183695000
02121.HK,02121,创新奇智,10787147,2024-12-31 00:00:00,001,12-31,2024-01-01 00:00:00,002004,应付帐款及应计费用增加(减少),-64003000
02121.HK,02121,创新奇智,10787147,2024-12-31 00:00:00,001,12-31,2024-01-01 00:00:00,002006,营运资本变动其他项目,5781000
02121.HK,02121,创新奇智,10787147,2024-12-31 00:00:00,001,12-31,2024-01-01 00:00:00,002007,预付款项、按金及其他应收款项减少(增加),-43848000
02121.HK,02121,创新奇智,10787147,2024-12-31 00:00:00,001,12-31,2024-01-01 00:00:00,002999,经营产生现金,-48477000
02121.HK,02121,创新奇智,10787147,2024-12-31 00:00:00,001,12-31,2024-01-01 00:00:00,003001,已收利息(经营),13010000
02121.HK,02121,创新奇智,10787147,2024-12-31 00:00:00,001,12-31,2024-01-01 00:00:00,003003,已付税项,321000
02121.HK,02121,创新奇智,10787147,2024-12-31 00:00:00,001,12-31,2024-01-01 00:00:00,003999,经营业务现金净额,-35788000
02121.HK,02121,创新奇智,10787147,2024-12-31 00:00:00,001,12-31,2024-01-01 00:00:00,005001,已收利息(投资),8088000
02121.HK,02121,创新奇智,10787147,2024-12-31 00:00:00,001,12-31,2024-01-01 00:00:00,005004,处置固定资产,139000
02121.HK,02121,创新奇智,10787147,2024-12-31 00:00:00,001,12-31,2024-01-01 00:00:00,005005,购建固定资产,4014000
02121.HK,02121,创新奇智,10787147,2024-12-31 00:00:00,001,12-31,2024-01-01 00:00:00,005010,收回投资所得现金,1468111000
02121.HK,02121,创新奇智,10787147,2024-12-31 00:00:00,001,12-31,2024-01-01 00:00:00,005011,投资支付现金,1419714000
02121.HK,02121,创新奇智,10787147,2024-12-31 00:00:00,001,12-31,2024-01-01 00:00:00,005997,投资业务其他项目,-82322000
02121.HK,02121,创新奇智,10787147,2024-12-31 00:00:00,001,12-31,2024-01-01 00:00:00,005999,投资业务现金净额,-29712000
02121.HK,02121,创新奇智,10787147,2024-12-31 00:00:00,001,12-31,2024-01-01 00:00:00,006999,融资前现金净额,-65500000
02121.HK,02121,创新奇智,10787147,2024-12-31 00:00:00,001,12-31,2024-01-01 00:00:00,007001,新增借款,201462000
02121.HK,02121,创新奇智,10787147,2024-12-31 00:00:00,001,12-31,2024-01-01 00:00:00,007002,偿还借款,145261000
02121.HK,02121,创新奇智,10787147,2024-12-31 00:00:00,001,12-31,2024-01-01 00:00:00,007003,已付利息(融资),3459000
02121.HK,02121,创新奇智,10787147,2024-12-31 00:00:00,001,12-31,2024-01-01 00:00:00,007005,吸收投资所得,10400000
02121.HK,02121,创新奇智,10787147,2024-12-31 00:00:00,001,12-31,2024-01-01 00:00:00,007008,回购股份,63205000
02121.HK,02121,创新奇智,10787147,2024-12-31 00:00:00,001,12-31,2024-01-01 00:00:00,007011,偿还融资租赁,22227000
02121.HK,02121,创新奇智,10787147,2024-12-31 00:00:00,001,12-31,2024-01-01 00:00:00,007013,购买子公司少数股权而支付的现金,10400000
02121.HK,02121,创新奇智,10787147,2024-12-31 00:00:00,001,12-31,2024-01-01 00:00:00,007997,融资业务其他项目,-41326000
02121.HK,02121,创新奇智,10787147,2024-12-31 00:00:00,001,12-31,2024-01-01 00:00:00,007999,融资业务现金净额,-74016000
02121.HK,02121,创新奇智,10787147,2024-12-31 00:00:00,001,12-31,2024-01-01 00:00:00,010999,现金净额,-139516000
02121.HK,02121,创新奇智,10787147,2024-12-31 00:00:00,001,12-31,2024-01-01 00:00:00,011001,期初现金,1344615000
02121.HK,02121,创新奇智,10787147,2024-12-31 00:00:00,001,12-31,2024-01-01 00:00:00,011997,期间变动其他项目,-220000
02121.HK,02121,创新奇智,10787147,2024-12-31 00:00:00,001,12-31,2024-01-01 00:00:00,011999,期末现金,1204879000
02121.HK,02121,创新奇智,10787147,2023-12-31 00:00:00,001,12-31,2023-01-01 00:00:00,001001,除税前溢利(业务利润),-579535000
02121.HK,02121,创新奇智,10787147,2023-12-31 00:00:00,001,12-31,2023-01-01 00:00:00,001002,减:利息收入,29050000
02121.HK,02121,创新奇智,10787147,2023-12-31 00:00:00,001,12-31,2023-01-01 00:00:00,001003,加:利息支出,8573000
02121.HK,02121,创新奇智,10787147,2023-12-31 00:00:00,001,12-31,2023-01-01 00:00:00,001004,减:投资收益,-342000
02121.HK,02121,创新奇智,10787147,2023-12-31 00:00:00,001,12-31,2023-01-01 00:00:00,001006,加:减值及拨备,86784000
02121.HK,02121,创新奇智,10787147,2023-12-31 00:00:00,001,12-31,2023-01-01 00:00:00,001008,减:出售资产之溢利,1851000
02121.HK,02121,创新奇智,10787147,2023-12-31 00:00:00,001,12-31,2023-01-01 00:00:00,001009,加:折旧及摊销,92575000
02121.HK,02121,创新奇智,10787147,2023-12-31 00:00:00,001,12-31,2023-01-01 00:00:00,001010,减:汇兑收益,-5208000
02121.HK,02121,创新奇智,10787147,2023-12-31 00:00:00,001,12-31,2023-01-01 00:00:00,001011,加:购股权开支,290271000
02121.HK,02121,创新奇智,10787147,2023-12-31 00:00:00,001,12-31,2023-01-01 00:00:00,001997,加:经营调整其他项目,85836000
02121.HK,02121,创新奇智,10787147,2023-12-31 00:00:00,001,12-31,2023-01-01 00:00:00,001999,营运资金变动前经营溢利,-40847000
02121.HK,02121,创新奇智,10787147,2023-12-31 00:00:00,001,12-31,2023-01-01 00:00:00,002001,存货(增加)减少,-10246000
02121.HK,02121,创新奇智,10787147,2023-12-31 00:00:00,001,12-31,2023-01-01 00:00:00,002002,应收帐款减少,-168079000
02121.HK,02121,创新奇智,10787147,2023-12-31 00:00:00,001,12-31,2023-01-01 00:00:00,002004,应付帐款及应计费用增加(减少),72886000
02121.HK,02121,创新奇智,10787147,2023-12-31 00:00:00,001,12-31,2023-01-01 00:00:00,002006,营运资本变动其他项目,-14252000
02121.HK,02121,创新奇智,10787147,2023-12-31 00:00:00,001,12-31,2023-01-01 00:00:00,002007,预付款项、按金及其他应收款项减少(增加),-45467000
02121.HK,02121,创新奇智,10787147,2023-12-31 00:00:00,001,12-31,2023-01-01 00:00:00,002999,经营产生现金,-206005000
02121.HK,02121,创新奇智,10787147,2023-12-31 00:00:00,001,12-31,2023-01-01 00:00:00,003001,已收利息(经营),29050000
02121.HK,02121,创新奇智,10787147,2023-12-31 00:00:00,001,12-31,2023-01-01 00:00:00,003003,已付税项,3369000
02121.HK,02121,创新奇智,10787147,2023-12-31 00:00:00,001,12-31,2023-01-01 00:00:00,003999,经营业务现金净额,-180324000
02121.HK,02121,创新奇智,10787147,2023-12-31 00:00:00,001,12-31,2023-01-01 00:00:00,005001,已收利息(投资),3847000
02121.HK,02121,创新奇智,10787147,2023-12-31 00:00:00,001,12-31,2023-01-01 00:00:00,005004,处置固定资产,4000
02121.HK,02121,创新奇智,10787147,2023-12-31 00:00:00,001,12-31,2023-01-01 00:00:00,005005,购建固定资产,6270000
02121.HK,02121,创新奇智,10787147,2023-12-31 00:00:00,001,12-31,2023-01-01 00:00:00,005009,收购附属公司,87867000
02121.HK,02121,创新奇智,10787147,2023-12-31 00:00:00,001,12-31,2023-01-01 00:00:00,005010,收回投资所得现金,536534000
02121.HK,02121,创新奇智,10787147,2023-12-31 00:00:00,001,12-31,2023-01-01 00:00:00,005011,投资支付现金,589930000
02121.HK,02121,创新奇智,10787147,2023-12-31 00:00:00,001,12-31,2023-01-01 00:00:00,005997,投资业务其他项目,-45017000
02121.HK,02121,创新奇智,10787147,2023-12-31 00:00:00,001,12-31,2023-01-01 00:00:00,005999,投资业务现金净额,-188699000
02121.HK,02121,创新奇智,10787147,2023-12-31 00:00:00,001,12-31,2023-01-01 00:00:00,006999,融资前现金净额,-369023000
02121.HK,02121,创新奇智,10787147,2023-12-31 00:00:00,001,12-31,2023-01-01 00:00:00,007001,新增借款,100100000
02121.HK,02121,创新奇智,10787147,2023-12-31 00:00:00,001,12-31,2023-01-01 00:00:00,007002,偿还借款,99948000
02121.HK,02121,创新奇智,10787147,2023-12-31 00:00:00,001,12-31,2023-01-01 00:00:00,007003,已付利息(融资),2624000
02121.HK,02121,创新奇智,10787147,2023-12-31 00:00:00,001,12-31,2023-01-01 00:00:00,007005,吸收投资所得,20600000
02121.HK,02121,创新奇智,10787147,2023-12-31 00:00:00,001,12-31,2023-01-01 00:00:00,007006,发行股份,349082000
02121.HK,02121,创新奇智,10787147,2023-12-31 00:00:00,001,12-31,2023-01-01 00:00:00,007008,回购股份,264864000
02121.HK,02121,创新奇智,10787147,2023-12-31 00:00:00,001,12-31,2023-01-01 00:00:00,007009,赎回债券,30000000
02121.HK,02121,创新奇智,10787147,2023-12-31 00:00:00,001,12-31,2023-01-01 00:00:00,007011,偿还融资租赁,27682000
02121.HK,02121,创新奇智,10787147,2023-12-31 00:00:00,001,12-31,2023-01-01 00:00:00,007013,购买子公司少数股权而支付的现金,10164000
02121.HK,02121,创新奇智,10787147,2023-12-31 00:00:00,001,12-31,2023-01-01 00:00:00,007997,融资业务其他项目,41326000
02121.HK,02121,创新奇智,10787147,2023-12-31 00:00:00,001,12-31,2023-01-01 00:00:00,007999,融资业务现金净额,75826000
02121.HK,02121,创新奇智,10787147,2023-12-31 00:00:00,001,12-31,2023-01-01 00:00:00,010999,现金净额,-293197000
02121.HK,02121,创新奇智,10787147,2023-12-31 00:00:00,001,12-31,2023-01-01 00:00:00,011001,期初现金,1642665000
02121.HK,02121,创新奇智,10787147,2023-12-31 00:00:00,001,12-31,2023-01-01 00:00:00,011997,期间变动其他项目,-4853000
02121.HK,02121,创新奇智,10787147,2023-12-31 00:00:00,001,12-31,2023-01-01 00:00:00,011999,期末现金,1344615000
02121.HK,02121,创新奇智,10787147,2022-12-31 00:00:00,001,12-31,2022-01-01 00:00:00,001001,除税前溢利(业务利润),-361672000
02121.HK,02121,创新奇智,10787147,2022-12-31 00:00:00,001,12-31,2022-01-01 00:00:00,001002,减:利息收入,38708000
02121.HK,02121,创新奇智,10787147,2022-12-31 00:00:00,001,12-31,2022-01-01 00:00:00,001003,加:利息支出,8089000
02121.HK,02121,创新奇智,10787147,2022-12-31 00:00:00,001,12-31,2022-01-01 00:00:00,001004,减:投资收益,-575000
02121.HK,02121,创新奇智,10787147,2022-12-31 00:00:00,001,12-31,2022-01-01 00:00:00,001006,加:减值及拨备,37022000
02121.HK,02121,创新奇智,10787147,2022-12-31 00:00:00,001,12-31,2022-01-01 00:00:00,001008,减:出售资产之溢利,-334000
02121.HK,02121,创新奇智,10787147,2022-12-31 00:00:00,001,12-31,2022-01-01 00:00:00,001009,加:折旧及摊销,72528000
02121.HK,02121,创新奇智,10787147,2022-12-31 00:00:00,001,12-31,2022-01-01 00:00:00,001010,减:汇兑收益,5727000
02121.HK,02121,创新奇智,10787147,2022-12-31 00:00:00,001,12-31,2022-01-01 00:00:00,001011,加:购股权开支,173294000
02121.HK,02121,创新奇智,10787147,2022-12-31 00:00:00,001,12-31,2022-01-01 00:00:00,001997,加:经营调整其他项目,9210000
02121.HK,02121,创新奇智,10787147,2022-12-31 00:00:00,001,12-31,2022-01-01 00:00:00,001999,营运资金变动前经营溢利,-105055000
02121.HK,02121,创新奇智,10787147,2022-12-31 00:00:00,001,12-31,2022-01-01 00:00:00,002001,存货(增加)减少,132532000
02121.HK,02121,创新奇智,10787147,2022-12-31 00:00:00,001,12-31,2022-01-01 00:00:00,002002,应收帐款减少,-132998000
02121.HK,02121,创新奇智,10787147,2022-12-31 00:00:00,001,12-31,2022-01-01 00:00:00,002004,应付帐款及应计费用增加(减少),-34614000
02121.HK,02121,创新奇智,10787147,2022-12-31 00:00:00,001,12-31,2022-01-01 00:00:00,002006,营运资本变动其他项目,-138390000
02121.HK,02121,创新奇智,10787147,2022-12-31 00:00:00,001,12-31,2022-01-01 00:00:00,002007,预付款项、按金及其他应收款项减少(增加),-65519000
02121.HK,02121,创新奇智,10787147,2022-12-31 00:00:00,001,12-31,2022-01-01 00:00:00,002999,经营产生现金,-344044000
02121.HK,02121,创新奇智,10787147,2022-12-31 00:00:00,001,12-31,2022-01-01 00:00:00,003001,已收利息(经营),38708000
02121.HK,02121,创新奇智,10787147,2022-12-31 00:00:00,001,12-31,2022-01-01 00:00:00,003003,已付税项,-1034000
02121.HK,02121,创新奇智,10787147,2022-12-31 00:00:00,001,12-31,2022-01-01 00:00:00,003999,经营业务现金净额,-304302000
02121.HK,02121,创新奇智,10787147,2022-12-31 00:00:00,001,12-31,2022-01-01 00:00:00,005001,已收利息(投资),632000
02121.HK,02121,创新奇智,10787147,2022-12-31 00:00:00,001,12-31,2022-01-01 00:00:00,005005,购建固定资产,21597000
02121.HK,02121,创新奇智,10787147,2022-12-31 00:00:00,001,12-31,2022-01-01 00:00:00,005009,收购附属公司,120862000
02121.HK,02121,创新奇智,10787147,2022-12-31 00:00:00,001,12-31,2022-01-01 00:00:00,005010,收回投资所得现金,141399000
02121.HK,02121,创新奇智,10787147,2022-12-31 00:00:00,001,12-31,2022-01-01 00:00:00,005011,投资支付现金,292379000
02121.HK,02121,创新奇智,10787147,2022-12-31 00:00:00,001,12-31,2022-01-01 00:00:00,005999,投资业务现金净额,-292807000
02121.HK,02121,创新奇智,10787147,2022-12-31 00:00:00,001,12-31,2022-01-01 00:00:00,006999,融资前现金净额,-597109000
02121.HK,02121,创新奇智,10787147,2022-12-31 00:00:00,001,12-31,2022-01-01 00:00:00,007001,新增借款,60010000
02121.HK,02121,创新奇智,10787147,2022-12-31 00:00:00,001,12-31,2022-01-01 00:00:00,007002,偿还借款,39753000
02121.HK,02121,创新奇智,10787147,2022-12-31 00:00:00,001,12-31,2022-01-01 00:00:00,007003,已付利息(融资),3001000
02121.HK,02121,创新奇智,10787147,2022-12-31 00:00:00,001,12-31,2022-01-01 00:00:00,007005,吸收投资所得,10800000
02121.HK,02121,创新奇智,10787147,2022-12-31 00:00:00,001,12-31,2022-01-01 00:00:00,007007,发行相关费用,14619000
02121.HK,02121,创新奇智,10787147,2022-12-31 00:00:00,001,12-31,2022-01-01 00:00:00,007008,回购股份,275117000
02121.HK,02121,创新奇智,10787147,2022-12-31 00:00:00,001,12-31,2022-01-01 00:00:00,007011,偿还融资租赁,10095000
02121.HK,02121,创新奇智,10787147,2022-12-31 00:00:00,001,12-31,2022-01-01 00:00:00,007997,融资业务其他项目,957462000
02121.HK,02121,创新奇智,10787147,2022-12-31 00:00:00,001,12-31,2022-01-01 00:00:00,007999,融资业务现金净额,685687000
02121.HK,02121,创新奇智,10787147,2022-12-31 00:00:00,001,12-31,2022-01-01 00:00:00,010999,现金净额,88578000
02121.HK,02121,创新奇智,10787147,2022-12-31 00:00:00,001,12-31,2022-01-01 00:00:00,011001,期初现金,1553150000
02121.HK,02121,创新奇智,10787147,2022-12-31 00:00:00,001,12-31,2022-01-01 00:00:00,011997,期间变动其他项目,937000
02121.HK,02121,创新奇智,10787147,2022-12-31 00:00:00,001,12-31,2022-01-01 00:00:00,011999,期末现金,1642665000
02121.HK,02121,创新奇智,10787147,2021-12-31 00:00:00,001,12-31,2021-01-01 00:00:00,001001,除税前溢利(业务利润),-634916000
02121.HK,02121,创新奇智,10787147,2021-12-31 00:00:00,001,12-31,2021-01-01 00:00:00,001002,减:利息收入,24022000
02121.HK,02121,创新奇智,10787147,2021-12-31 00:00:00,001,12-31,2021-01-01 00:00:00,001003,加:利息支出,36097000
02121.HK,02121,创新奇智,10787147,2021-12-31 00:00:00,001,12-31,2021-01-01 00:00:00,001006,加:减值及拨备,24057000
02121.HK,02121,创新奇智,10787147,2021-12-31 00:00:00,001,12-31,2021-01-01 00:00:00,001008,减:出售资产之溢利,-6000
02121.HK,02121,创新奇智,10787147,2021-12-31 00:00:00,001,12-31,2021-01-01 00:00:00,001009,加:折旧及摊销,34183000
02121.HK,02121,创新奇智,10787147,2021-12-31 00:00:00,001,12-31,2021-01-01 00:00:00,001010,减:汇兑收益,-5750000
02121.HK,02121,创新奇智,10787147,2021-12-31 00:00:00,001,12-31,2021-01-01 00:00:00,001011,加:购股权开支,406967000
02121.HK,02121,创新奇智,10787147,2021-12-31 00:00:00,001,12-31,2021-01-01 00:00:00,001997,加:经营调整其他项目,-4883000
02121.HK,02121,创新奇智,10787147,2021-12-31 00:00:00,001,12-31,2021-01-01 00:00:00,001999,营运资金变动前经营溢利,-156761000
02121.HK,02121,创新奇智,10787147,2021-12-31 00:00:00,001,12-31,2021-01-01 00:00:00,002001,存货(增加)减少,-16413000
02121.HK,02121,创新奇智,10787147,2021-12-31 00:00:00,001,12-31,2021-01-01 00:00:00,002002,应收帐款减少,-196452000
02121.HK,02121,创新奇智,10787147,2021-12-31 00:00:00,001,12-31,2021-01-01 00:00:00,002004,应付帐款及应计费用增加(减少),164520000
02121.HK,02121,创新奇智,10787147,2021-12-31 00:00:00,001,12-31,2021-01-01 00:00:00,002006,营运资本变动其他项目,-26982000
02121.HK,02121,创新奇智,10787147,2021-12-31 00:00:00,001,12-31,2021-01-01 00:00:00,002007,预付款项、按金及其他应收款项减少(增加),-26703000
02121.HK,02121,创新奇智,10787147,2021-12-31 00:00:00,001,12-31,2021-01-01 00:00:00,002999,经营产生现金,-258791000
02121.HK,02121,创新奇智,10787147,2021-12-31 00:00:00,001,12-31,2021-01-01 00:00:00,003001,已收利息(经营),24022000
02121.HK,02121,创新奇智,10787147,2021-12-31 00:00:00,001,12-31,2021-01-01 00:00:00,003003,已付税项,2004000
02121.HK,02121,创新奇智,10787147,2021-12-31 00:00:00,001,12-31,2021-01-01 00:00:00,003999,经营业务现金净额,-236773000
02121.HK,02121,创新奇智,10787147,2021-12-31 00:00:00,001,12-31,2021-01-01 00:00:00,005001,已收利息(投资),4883000
02121.HK,02121,创新奇智,10787147,2021-12-31 00:00:00,001,12-31,2021-01-01 00:00:00,005005,购建固定资产,52000000
02121.HK,02121,创新奇智,10787147,2021-12-31 00:00:00,001,12-31,2021-01-01 00:00:00,005010,收回投资所得现金,1100128000
02121.HK,02121,创新奇智,10787147,2021-12-31 00:00:00,001,12-31,2021-01-01 00:00:00,005011,投资支付现金,1100000000
02121.HK,02121,创新奇智,10787147,2021-12-31 00:00:00,001,12-31,2021-01-01 00:00:00,005999,投资业务现金净额,-46989000
02121.HK,02121,创新奇智,10787147,2021-12-31 00:00:00,001,12-31,2021-01-01 00:00:00,006999,融资前现金净额,-283762000
02121.HK,02121,创新奇智,10787147,2021-12-31 00:00:00,001,12-31,2021-01-01 00:00:00,007005,吸收投资所得,843379000
02121.HK,02121,创新奇智,10787147,2021-12-31 00:00:00,001,12-31,2021-01-01 00:00:00,007007,发行相关费用,9991000
02121.HK,02121,创新奇智,10787147,2021-12-31 00:00:00,001,12-31,2021-01-01 00:00:00,007011,偿还融资租赁,10828000
02121.HK,02121,创新奇智,10787147,2021-12-31 00:00:00,001,12-31,2021-01-01 00:00:00,007013,购买子公司少数股权而支付的现金,22400000
02121.HK,02121,创新奇智,10787147,2021-12-31 00:00:00,001,12-31,2021-01-01 00:00:00,007999,融资业务现金净额,800160000
02121.HK,02121,创新奇智,10787147,2021-12-31 00:00:00,001,12-31,2021-01-01 00:00:00,010999,现金净额,516398000
02121.HK,02121,创新奇智,10787147,2021-12-31 00:00:00,001,12-31,2021-01-01 00:00:00,011001,期初现金,1042502000
02121.HK,02121,创新奇智,10787147,2021-12-31 00:00:00,001,12-31,2021-01-01 00:00:00,011997,期间变动其他项目,-5750000
02121.HK,02121,创新奇智,10787147,2021-12-31 00:00:00,001,12-31,2021-01-01 00:00:00,011999,期末现金,1553150000
02121.HK,02121,创新奇智,10787147,2020-12-31 00:00:00,001,12-31,2020-01-01 00:00:00,001001,除税前溢利(业务利润),-360463000
02121.HK,02121,创新奇智,10787147,2020-12-31 00:00:00,001,12-31,2020-01-01 00:00:00,001002,减:利息收入,9449000
02121.HK,02121,创新奇智,10787147,2020-12-31 00:00:00,001,12-31,2020-01-01 00:00:00,001003,加:利息支出,83111000
02121.HK,02121,创新奇智,10787147,2020-12-31 00:00:00,001,12-31,2020-01-01 00:00:00,001006,加:减值及拨备,18950000
02121.HK,02121,创新奇智,10787147,2020-12-31 00:00:00,001,12-31,2020-01-01 00:00:00,001008,减:出售资产之溢利,-3000
02121.HK,02121,创新奇智,10787147,2020-12-31 00:00:00,001,12-31,2020-01-01 00:00:00,001009,加:折旧及摊销,22842000
02121.HK,02121,创新奇智,10787147,2020-12-31 00:00:00,001,12-31,2020-01-01 00:00:00,001011,加:购股权开支,133750000
02121.HK,02121,创新奇智,10787147,2020-12-31 00:00:00,001,12-31,2020-01-01 00:00:00,001999,营运资金变动前经营溢利,-111256000
02121.HK,02121,创新奇智,10787147,2020-12-31 00:00:00,001,12-31,2020-01-01 00:00:00,002001,存货(增加)减少,-22983000
02121.HK,02121,创新奇智,10787147,2020-12-31 00:00:00,001,12-31,2020-01-01 00:00:00,002002,应收帐款减少,-87610000
02121.HK,02121,创新奇智,10787147,2020-12-31 00:00:00,001,12-31,2020-01-01 00:00:00,002004,应付帐款及应计费用增加(减少),-1629000
02121.HK,02121,创新奇智,10787147,2020-12-31 00:00:00,001,12-31,2020-01-01 00:00:00,002006,营运资本变动其他项目,40835000
02121.HK,02121,创新奇智,10787147,2020-12-31 00:00:00,001,12-31,2020-01-01 00:00:00,002999,经营产生现金,-182643000
02121.HK,02121,创新奇智,10787147,2020-12-31 00:00:00,001,12-31,2020-01-01 00:00:00,003001,已收利息(经营),9449000
02121.HK,02121,创新奇智,10787147,2020-12-31 00:00:00,001,12-31,2020-01-01 00:00:00,003003,已付税项,1011000
02121.HK,02121,创新奇智,10787147,2020-12-31 00:00:00,001,12-31,2020-01-01 00:00:00,003999,经营业务现金净额,-174205000
02121.HK,02121,创新奇智,10787147,2020-12-31 00:00:00,001,12-31,2020-01-01 00:00:00,005005,购建固定资产,18507000
02121.HK,02121,创新奇智,10787147,2020-12-31 00:00:00,001,12-31,2020-01-01 00:00:00,005010,收回投资所得现金,-26000
02121.HK,02121,创新奇智,10787147,2020-12-31 00:00:00,001,12-31,2020-01-01 00:00:00,005011,投资支付现金,700000
02121.HK,02121,创新奇智,10787147,2020-12-31 00:00:00,001,12-31,2020-01-01 00:00:00,005999,投资业务现金净额,-19233000
02121.HK,02121,创新奇智,10787147,2020-12-31 00:00:00,001,12-31,2020-01-01 00:00:00,006999,融资前现金净额,-193438000
02121.HK,02121,创新奇智,10787147,2020-12-31 00:00:00,001,12-31,2020-01-01 00:00:00,007005,吸收投资所得,750766000
02121.HK,02121,创新奇智,10787147,2020-12-31 00:00:00,001,12-31,2020-01-01 00:00:00,007011,偿还融资租赁,6832000
02121.HK,02121,创新奇智,10787147,2020-12-31 00:00:00,001,12-31,2020-01-01 00:00:00,007013,购买子公司少数股权而支付的现金,101630000
02121.HK,02121,创新奇智,10787147,2020-12-31 00:00:00,001,12-31,2020-01-01 00:00:00,007997,融资业务其他项目,-11995000
02121.HK,02121,创新奇智,10787147,2020-12-31 00:00:00,001,12-31,2020-01-01 00:00:00,007999,融资业务现金净额,630309000
02121.HK,02121,创新奇智,10787147,2020-12-31 00:00:00,001,12-31,2020-01-01 00:00:00,010999,现金净额,436871000
02121.HK,02121,创新奇智,10787147,2020-12-31 00:00:00,001,12-31,2020-01-01 00:00:00,011001,期初现金,605631000
02121.HK,02121,创新奇智,10787147,2020-12-31 00:00:00,001,12-31,2020-01-01 00:00:00,011999,期末现金,1042502000
02121.HK,02121,创新奇智,10787147,2019-12-31 00:00:00,001,12-31,2019-01-01 00:00:00,001001,除税前溢利(业务利润),-248056000
02121.HK,02121,创新奇智,10787147,2019-12-31 00:00:00,001,12-31,2019-01-01 00:00:00,001002,减:利息收入,10618000
02121.HK,02121,创新奇智,10787147,2019-12-31 00:00:00,001,12-31,2019-01-01 00:00:00,001003,加:利息支出,35599000
02121.HK,02121,创新奇智,10787147,2019-12-31 00:00:00,001,12-31,2019-01-01 00:00:00,001006,加:减值及拨备,5496000
02121.HK,02121,创新奇智,10787147,2019-12-31 00:00:00,001,12-31,2019-01-01 00:00:00,001008,减:出售资产之溢利,-137000
02121.HK,02121,创新奇智,10787147,2019-12-31 00:00:00,001,12-31,2019-01-01 00:00:00,001009,加:折旧及摊销,11027000
02121.HK,02121,创新奇智,10787147,2019-12-31 00:00:00,001,12-31,2019-01-01 00:00:00,001011,加:购股权开支,53230000
02121.HK,02121,创新奇智,10787147,2019-12-31 00:00:00,001,12-31,2019-01-01 00:00:00,001999,营运资金变动前经营溢利,-153185000
02121.HK,02121,创新奇智,10787147,2019-12-31 00:00:00,001,12-31,2019-01-01 00:00:00,002001,存货(增加)减少,-29284000
02121.HK,02121,创新奇智,10787147,2019-12-31 00:00:00,001,12-31,2019-01-01 00:00:00,002002,应收帐款减少,-109992000
02121.HK,02121,创新奇智,10787147,2019-12-31 00:00:00,001,12-31,2019-01-01 00:00:00,002004,应付帐款及应计费用增加(减少),51947000
02121.HK,02121,创新奇智,10787147,2019-12-31 00:00:00,001,12-31,2019-01-01 00:00:00,002006,营运资本变动其他项目,42057000
02121.HK,02121,创新奇智,10787147,2019-12-31 00:00:00,001,12-31,2019-01-01 00:00:00,002999,经营产生现金,-198457000
02121.HK,02121,创新奇智,10787147,2019-12-31 00:00:00,001,12-31,2019-01-01 00:00:00,003001,已收利息(经营),9499000
02121.HK,02121,创新奇智,10787147,2019-12-31 00:00:00,001,12-31,2019-01-01 00:00:00,003003,已付税项,29000
02121.HK,02121,创新奇智,10787147,2019-12-31 00:00:00,001,12-31,2019-01-01 00:00:00,003999,经营业务现金净额,-188987000
02121.HK,02121,创新奇智,10787147,2019-12-31 00:00:00,001,12-31,2019-01-01 00:00:00,005001,已收利息(投资),1119000
02121.HK,02121,创新奇智,10787147,2019-12-31 00:00:00,001,12-31,2019-01-01 00:00:00,005005,购建固定资产,32374000
02121.HK,02121,创新奇智,10787147,2019-12-31 00:00:00,001,12-31,2019-01-01 00:00:00,005010,收回投资所得现金,340000000
02121.HK,02121,创新奇智,10787147,2019-12-31 00:00:00,001,12-31,2019-01-01 00:00:00,005011,投资支付现金,327800000
02121.HK,02121,创新奇智,10787147,2019-12-31 00:00:00,001,12-31,2019-01-01 00:00:00,005012,应收关联方款项(增加)减少(投资),-100000
02121.HK,02121,创新奇智,10787147,2019-12-31 00:00:00,001,12-31,2019-01-01 00:00:00,005999,投资业务现金净额,-18955000
02121.HK,02121,创新奇智,10787147,2019-12-31 00:00:00,001,12-31,2019-01-01 00:00:00,007005,吸收投资所得,751626000
02121.HK,02121,创新奇智,10787147,2019-12-31 00:00:00,001,12-31,2019-01-01 00:00:00,007011,偿还融资租赁,3431000
02121.HK,02121,创新奇智,10787147,2019-12-31 00:00:00,001,12-31,2019-01-01 00:00:00,007997,融资业务其他项目,-9018000
02121.HK,02121,创新奇智,10787147,2019-12-31 00:00:00,001,12-31,2019-01-01 00:00:00,007999,融资业务现金净额,739177000
02121.HK,02121,创新奇智,10787147,2019-12-31 00:00:00,001,12-31,2019-01-01 00:00:00,010999,现金净额,531235000
02121.HK,02121,创新奇智,10787147,2019-12-31 00:00:00,001,12-31,2019-01-01 00:00:00,011001,期初现金,74396000
02121.HK,02121,创新奇智,10787147,2019-12-31 00:00:00,001,12-31,2019-01-01 00:00:00,011999,期末现金,605631000
